source_id,dataset,publisher,url,filename,sha256,bytes,downloaded_at,reference_year,covers_51,notes
ASPEP24,Annual Survey of Public Employment & Payroll (ASPEP) 2024 - individual unit files,U.S. Census Bureau,https://www.census.gov/data/datasets/2024/econ/apes/annual-apes.html,2024_individual_unit_files.zip,a02a3d3dd5aa4311bc569acc803b840d5c5b8edb875e0283efb06b1725597975,10925836,2026-08-04T03:26:24Z,2024,NO - 50 of 51,"NOT SELECTED for I1. Only downloadable bulk file on the 2024 ASPEP dataset page; the published state-government summary (GS00EMP02) is interactive-only on data.census.gov. Contains 24empst.txt (unit x function employment/payroll), 24empid.txt (unit directory), 24emp.xlsx. JURISDICTION CODING: Census alphabetical state codes, NOT FIPS (11=Georgia, not DC). State-government units = 14-char gov ID with type digit 0 and trailing zeros; 50 such records exist. D.C. IS ABSENT AS A STATE GOVERNMENT: Census code 09 contains only '09200100100000 Washington Dc' (municipal type-2 government) and WMATA (special district). D.C. therefore cannot yield an I1 value from ASPEP at state-government level."
QCEW24,"QCEW 2024 annual averages, by area",U.S. Bureau of Labor Statistics,https://www.bls.gov/cew/downloadable-data-files.htm,2024_annual_by_area.zip,3c72ec83921ac07fa8e701d08231102d50a2445464c44c260a354c3b82dce002,136138122,2026-08-04T03:26:54Z,2024,YES - 51 of 51,"I2 denominator (own_code 5 = Private, industry_code 10 = all industries, agglvl 51) and I5 numerator year (own_code 2 = State Government). NOTE own_code 2 is State Government and 5 is Private; own_code 3 is Local Government. Weekly wage column is 'annual_avg_wkly_wage'; annual is 'avg_annual_pay'. D.C. PRESENT as area_fips 11000 but the file is named 'District of Columbia, not unknown' NOT '-- Statewide' - matching on the string 'Statewide' returns only 52 files (50 states + Puerto Rico + Virgin Islands) and SILENTLY DROPS D.C. Must key on area_fips, not filename. Territories 72000/78000 must be excluded."
QCEW19,"QCEW 2019 annual averages, by area",U.S. Bureau of Labor Statistics,https://www.bls.gov/cew/downloadable-data-files.htm,2019_annual_by_area.zip,9a5c91918ba321d7c66855e5b06331fae67ad6a82f4fd0e6e3bcdb70e828578a,136841863,2026-08-04T03:27:26Z,2019,YES - 51 of 51,"I5 base year ONLY - the single documented deviation from the 2024 anchor, by design (I5 is a 2019->2024 real change). Same structure as QCEW24. D.C. PRESENT as area_fips 11000, named 'District of Columbia' (no '-- Statewide' suffix; 2024 and 2019 use different names for the same area, so match on area_fips)."
OEWS24,OEWS May 2024 state occupational estimates,U.S. Bureau of Labor Statistics,https://www.bls.gov/oes/tables.htm,oesm24st.zip,5b66eb673f120c10fd17824d4d1e8bcf2fba0e6b39122b66404ce42cad5fb816,7617815,2026-08-04T03:27:28Z,2024 (May 2024),YES - 51 of 51 at file level,"I3 entry wage. Contains oesm24st/state_M2024_dl.xlsx, 32 columns, AREA_TITLE = full jurisdiction name. 54 areas = 51 + Guam + Puerto Rico + Virgin Islands (exclude territories). D.C. PRESENT. PER-OCCUPATION COVERAGE IS NOT COMPLETE: 43-4061 Eligibility Interviewers = 53 areas incl. D.C. (A_PCT10 60350); 33-3012 Correctional Officers = 50 areas, D.C. ABSENT; 13-2081 Tax Examiners = 49 areas, ABSENT for D.C., Oklahoma, South Dakota. Zero A_PCT10 cells carry a * or # suppression marker in the rows that do exist - the gaps are missing rows, not suppressed values. D.C. will have 1 of 3 occupations, Oklahoma and South Dakota 2 of 3."
OEWSRES24,"OEWS May 2024 Research Estimates by State and Industry, sector 99 (government)",U.S. Bureau of Labor Statistics,https://www.bls.gov/oes/oes_research_2024.htm,oes_research_2024_sec_99.xlsx,ae2b0157511d2311f1e2812c391f4fb143349a6604533866271a0bd255a7b5de,9084964,2026-08-04T03:27:29Z,2024 (May 2024),YES - 51 of 51,"SELECTED for I1 (see decision note below). Sheet 'state_industry_M2024'. NAICS 999200 = 'State Government, excluding Schools and Hospitals (OEWS Designation)'. All 51 jurisdictions present at O_GROUP=total INCLUDING D.C. No suppression; EMP_PRSE <= 0.1 and MEAN_PRSE <= 0.2 for all 51; A_MEAN spans $48,980 (Mississippi) to $95,570 (California), entirely inside the $30k-$150k I1 plausibility band. Detailed occupation rows also present (34-212 per state). Other NAICS in file: 99/999000 (all government, D.C. absent), 999100 (federal), 999300 (local, D.C. absent) - only 999200 is used."
FMR25,"HUD FY2025 Fair Market Rents, county/town level (revised)",U.S. Dept. of Housing and Urban Development,https://www.huduser.gov/portal/datasets/fmr.html,FY25_FMRs_revised.xlsx,10e70da5b4d8ce7d938e460730abda052e71255c4bc5e9a95bec601c2d49b5db,362571,2026-08-04T03:27:31Z,FY2025 (published 2024),YES - 51 of 51,"I3 rent input. DOCUMENTED ANCHOR-YEAR EXCEPTION: HUD FY2025 FMRs are the rents published during calendar 2024 and are the correct 2024-anchored rent measure; no FY2024 substitution is made. Columns: stusps, state (FIPS), fips (10-char: 5-digit county + 5-digit town), countyname, county_town_name, pop2022, fmr_0..fmr_4; fmr_1 = one-bedroom. 4,680 rows across the 51 jurisdictions covering 3,144 distinct county FIPS; 1,605 rows are SUB-COUNTY towns (AK, CT, MA, ME, MO, NH, RI, VT). fmr_1 range $587-$3,221, inside the $500-$3,500 band. D.C. PRESENT: one row, fips 1100199999, fmr_1 = 2056. Territories (state 60/66/69/72/78) must be excluded. Source xlsx has a malformed docProps/core.xml date ('2025- 2-18T...') that crashes openpyxl; a repaired READABLE copy is in work/, sources/ copy is unmodified."
FMR25O,"HUD FY2025 Fair Market Rents, county/town level (original, pre-revision)",U.S. Dept. of Housing and Urban Development,https://www.huduser.gov/portal/datasets/fmr.html,FY25_FMRs.xlsx,21217df7d8c5c2bd6633fe8d3deb460d7114712ac809fe1644235980240f2ab5,362523,2026-08-04T03:27:32Z,FY2025 (published 2024),not assessed,Downloaded for provenance only. NOT SELECTED - the revised file FY25_FMRs_revised.xlsx supersedes it and is the file used.
RPP24,"BEA Regional Price Parities by state, 2008-2024",U.S. Bureau of Economic Analysis,https://www.bea.gov/data/prices-inflation/regional-price-parities-state-and-metro-area,SARPP.zip,38713c6224c4c26ae020ffecd4549b82dca84f43d34f93dfdb43f4070cf011da,39230,2026-08-04T03:27:33Z,2024,YES - 51 of 51,"Deflator for I1 and I3. File SARPP_STATE_2008_2024.csv inside SARPP.zip. LineCode 1 = 'RPPs: All items'. BASE IS US=100 (United States row = 100.000), which is the base the scoring formula divides by 100 assumes. 2024 values span 86.937 to 110.720 - all inside the 80-120 validation band, so the 100x base error found in the prior build is not present in this file. D.C. PRESENT, 2024 = 109.901. GeoName is the full jurisdiction name; GeoFIPS is quoted with leading spaces."
POP24,"Census county population estimates, vintage 2024 (co-est2024-alldata)",U.S. Census Bureau,https://www2.census.gov/programs-surveys/popest/datasets/2020-2024/counties/totals/,co-est2024-alldata.csv,abcc8720d669e793bbfdcd440eeec37a78db3b452adbe4ccd1eadf7c72b522b9,1769182,2026-08-04T03:27:37Z,2024,YES - 51 of 51,"Candidate weighting input for the I3 FMR aggregation. 3,144 county rows at SUMLEV 050; POPESTIMATE2024 present. D.C. PRESENT as a single county row, POPESTIMATE2024 = 702250. JOIN PROBLEM: 9 FIPS on each side do not match FMR25, and the mismatch is entirely Connecticut - Census vintage 2024 uses the 9 CT planning regions (09110-09190) while HUD FY2025 still uses the 8 legacy CT counties (09001-09015). Connecticut is inside the Phase 2 first-15 scope. Weighting method is UNRESOLVED and is a decision for the user (see report)."
CPI,"CPI-U, All items, U.S. city average, NSA - full time series (cu.data.1.AllItems)",U.S. Bureau of Labor Statistics,https://www.bls.gov/cpi/,cu.data.1.AllItems,c939b099e168560facac86c0bd7acf040620bb9e177a67109225ea54c56e8b07,2683417,2026-08-04T03:27:35Z,2019 and 2024,"n/a - national series, not by jurisdiction","I5 deflator. Series CUUR0000SA0, period M13 (annual average): 2019 = 255.657, 2024 = 313.689. Downloaded from the BLS public time-series flat-file directory (download.bls.gov/pub/time.series/cu/), which is the machine-readable form of the CPI program page. Series CUUS0000SA0 is not carried in this file. Tab-delimited with padded whitespace in every field - strip before matching."
CPISER,CPI series directory (cu.series),U.S. Bureau of Labor Statistics,https://www.bls.gov/cpi/,cu.series,6ad9eaa7bff399fb57b249d70fbc1249119abd2eabd1ee4a3f058c7ccab69ff3,1339447,2026-08-04T03:27:36Z,n/a,n/a,Companion lookup used only to confirm the definition of series CUUR0000SA0. Not a data source for any indicator.
NASRA,NASRA Issue Brief: Employee Contributions to Public Pension Plans,National Association of State Retirement Administrators,https://www.nasra.org/contributionsbrief,NASRAContribBrief.pdf,a49b8f2effcf044e6cf52d333c7715f5bb6d5becfee6ecab9abfaa71bd80927e,295245,2026-08-04T03:27:39Z,NOVEMBER 2025 EDITION - rates as of October 2025 - NOT 2024,"NO - 50 of 51, D.C. absent","I4 - BLOCKED, DO NOT EXTRACT WITHOUT A USER DECISION. Two independent failures. (1) ANCHOR-YEAR VIOLATION: the file at this URL is the November 2025 edition and Appendix A states 'information reflects rates in effect as of October 2025'. The anchor is 2024. NASRA overwrites a single file at a fixed URL, so no 2024-dated edition is reachable from nasra.org; the only route to one would be a web archive, which is not used without explicit approval. (2) D.C. ABSENT: zero occurrences of 'District of Columbia' across all 12 pages - NASRA covers state retirement systems and D.C. is not a state. All 50 states are present. STRUCTURE: Appendix A is prose inside a PDF table, not structured data. The employee contribution rate is embedded in sentences carrying multiple tiers, hire-date cutoffs and employee classes per plan, and default plan type (DB/DC/HYBRID/CHOICE) is never a discrete field - it has to be read out of that same prose. The 2024-new-hire tier rule is applicable but requires prose interpretation for all 50."
NASRA_PLANTYPE,"NASRA: Overview of Primary Retirement Benefit Plan Type, by State",National Association of State Retirement Administrators,https://www.nasra.org/plandesign,NASRA_Overview_Primary_Retirement_Benefit_Plan_Type.pdf,794e9901454596e0775f49de1cdc7ad3c1ab4fdcc1981b2d79d20a3aaf1308ca,261868,2026-08-04T03:57:52Z,Updated December 2025 - see uniform anchor-year deviation,YES - 51 of 51,"I4 default-plan-type input. SOURCE ADDED DURING PHASE 2 - FLAGGED FOR COORDINATOR CONFIRMATION. Reason it was needed: the Contributions Brief has NO plan-type field. It names a plan type in prose only when the plan is unusual (DC or hybrid), so under a strict rule every plain-DB state would have been COULDNT_CHECK on plan type and I4 would have been almost entirely empty. This file states the prevailing plan type for state employees for every jurisdiction. Constraints respected: same publisher (NASRA), no web archive, no aggregator, no substitute publisher. Covers all 51 INCLUDING D.C. ('District of Columbia: DB for teachers and public safety personnel; DC for general employees'), so it would also resolve D.C.'s plan type in the remaining 36 even though D.C. stays COULDNT_CHECK on I4 overall for want of a contribution rate and Social Security determination. Introduces a cash-balance (CB) category; see decision D5_I4_CB_RUBRIC. BOTH NASRA documents share the same late-2025 off-anchor vintage (Contributions Brief November 2025 with rates as of October 2025; this file updated December 2025), so the single uniform-deviation disclosure recorded in D2_I4_SOURCE covers both documents. APPROVED by the coordinator as Decision 4."
NASRA_PFS24_A,"NASRA Public Fund Survey FY24, Appendix A (assets and membership)",National Association of State Retirement Administrators,https://www.nasra.org/publicfundsurvey,PFS_FY24_AppendixA.pdf,99b52a927b82862a9031d3ca5d7d99b78ee7e94c390296d7e15a63234404b745,106064,2026-08-04T03:35:13Z,FY2024,n/a,"Downloaded while searching for a 2024-anchored I4 source. NOT SUITABLE: carries market value of assets, actives and annuitants by system only. Contains none of the three required I4 facts (Social Security coverage, default plan type, employee contribution rate). Retained for provenance; not used by any indicator."
NASRA_PFS24_B,"NASRA Public Fund Survey FY24, Appendix B (actuarial funding levels)",National Association of State Retirement Administrators,https://www.nasra.org/publicfundsurvey,PFS_FY24_AppendixB.pdf,1bb9de2ff46707b36b0cd0319583b03b7a8265317fd9a687f97bafb5bfdfc048,68714,2026-08-04T03:35:13Z,FY2024,n/a,"Downloaded while searching for a 2024-anchored I4 source. NOT SUITABLE: carries actuarial value of assets, liabilities, unfunded liability and funding ratio only. Contains none of the three required I4 facts. Zero mentions of D.C. Retained for provenance; not used by any indicator."
I1_SOURCE_DECISION,Decision record - not a data file,PSAI D1 build,,,,,,2024,n/a,"OEWS Research Estimates (OEWSRES24, NAICS 999200) SELECTED for Indicator 1; ASPEP24 NOT SELECTED. Reason: the spec permits the upgrade only if the research estimates cover the state-government sector at state level for all 51 with acceptable reliability. They do - 51 of 51 present, no suppressed cells, all MEAN_PRSE <= 0.2, all A_MEAN inside the plausibility band. ASPEP fails coverage: it has no state-government record for D.C. at all, because Census classifies D.C. as a municipal government. Using ASPEP would make I1 COULDNT_CHECK for D.C., cutting D.C.'s covered_weight to 0.68 and forcing an INSUFFICIENT verdict with no published D1 score, on the highest-weighted indicator. The two sources are NOT mixed: all 51 I1 values will come from OEWSRES24. OPEN CONSEQUENCE REQUIRING USER SIGN-OFF: this changes the I1 formula. The spec computes annual pay as (sum full-time March payroll / sum full-time employees) * 12 over a fixed seven-function basket. OEWSRES24 publishes A_MEAN directly in USD_annual for all state government excluding schools and hospitals, so there is no payroll-over-headcount step and no seven-function basket. The exclusion of schools and hospitals matches the spec's stated intent, but the basket is not reproducible in this source. Not implemented pending user approval."
D1_I1_SOURCE,Phase 2 decision record - not a data file,PSAI D1 build,,,,,,2024,n/a,"APPROVED AND IMPLEMENTED. I1 uses OEWSRES24 NAICS 999200, O_GROUP=total, A_MEAN as published, for all 51. ASPEP24 not used for any jurisdiction; no mixing. The seven-function basket is RETIRED: the source's exclusion of schools and hospitals matches the basket's stated intent of keeping institutional structure out of a pay measure, but the named functions cannot be isolated. raw_unit USD_annual. No payroll-over-headcount step is performed. Detailed occupation rows deliberately not used - sector mean only."
D2_I4_SOURCE,Phase 2 decision record - not a data file,PSAI D1 build,,,,,,2024 anchor,n/a,"APPROVED AND IMPLEMENTED. I4 uses the November 2025 NASRA Contributions Brief (rates in effect October 2025) for all states, applied identically. UNIFORM ANCHOR-YEAR DEVIATION, disclosed in the notes of every I4 row: the anchor-year rule exists to stop reference years drifting BETWEEN states, and one off-anchor vintage applied to every state creates no cross-state incomparability. This is a disclosed uniform deviation, not mixed vintages. No web archive used; no substitute publisher used. D.C. is COULDNT_CHECK for I4 in the full build - NASRA covers state retirement systems and D.C.'s is not one (zero mentions in the brief). A second NASRA file (NASRA_PLANTYPE) was added for plan type - see that row."
D4_I4_PLANTYPE,Phase 2 decision record - not a data file,PSAI D1 build,,,,,,2024 anchor,n/a,"APPROVED. NASRA_PLANTYPE is an approved I4 source supplying default plan type, which is 40 of the 100 I4 rubric points. The spec's original I4 source list was incomplete - it asked for three facts and named a source carrying only two. Both NASRA documents share the October-December 2025 off-anchor vintage and are covered by the single uniform-deviation disclosure. STANDING RULE recorded with this decision: a source not named in the spec may be PROPOSED only if it is (a) the same publisher, (b) the same vintage and (c) a primary source; it must always be flagged for approval and never used silently. Aggregators, archives, scrapers and substitute publishers remain forbidden. Anything outside those three conditions is COULDNT_CHECK. This is a narrow exception for a spec gap, not permission to expand the source list."
D5_I4_CB_RUBRIC,Phase 2 decision record - not a data file,PSAI D1 build,,,,,,n/a,n/a,"APPROVED. The I4 plan-type rubric gains CB = 30, equal to HYBRID. Rationale: cash-balance plans pool investment risk with an employer-guaranteed credit, which sits structurally between DB and DC, so HYBRID's 30 is the closest fit. Full plan-type rubric is therefore DB 40, HYBRID 30, CB 30, CHOICE 25, DC 15. Added to rule R5 BEFORE any CB jurisdiction was extracted and applied blind to all 51; the value was not revisited after seeing its effect. Four jurisdictions carry CB for general employees: Kansas, Kentucky, Nebraska and Texas. Texas was not among the three anticipated - its 2024 tier is cash balance for state employees hired after 8/31/22 - and it was scored under the same rule without adjustment."
D6_R6_REFINE_1,Phase 3 decision record - not a data file,PSAI D1 build,,,,,,n/a,n/a,"FIRST REFINEMENT of rule R6 (Social Security coverage). Original R6 mapped any 'X, except Y' wording to PARTIAL, understating coverage where the exception fell on a class R3 already excludes. Restated: an exception affecting ONLY classes excluded by R3 does not reduce coverage; where it reaches any part of the general-employee population, PARTIAL applies at 20. Derivable from R3's own scoping and chosen without knowledge of which jurisdictions it affects. Implemented as a blind mechanical classifier (work/r6_refined.py) with no jurisdiction names in it. OUTCOME: five of six expected states moved (Kansas, Minnesota, New Hampshire, Pennsylvania, Rhode Island); Oregon correctly did NOT move (its exception is employer-elected and names no class); Kentucky moved the WRONG WAY, PARTIAL to NOT_COVERED, because its exception names university members. That unpredicted move triggered the stop-condition and led to Decision 8."
D8_R6_REFINE_2,Phase 3 decision record - not a data file,PSAI D1 build,,,,,,n/a,n/a,"SECOND REFINEMENT of rule R6. Root cause: R3's exclusion list serves TWO distinct purposes and R6 was reading both. POPULATION-SCOPE entries name classes genuinely outside the general-employee population; RATE-PURITY entries name classes that ARE general employees but whose distinct rate figures must be kept out of the general rate. R6 inherits population-scope exclusions ONLY. University members are rate-purity and were dropped from R6's list. R6 list now: public safety, police, fire, state patrol/troopers, judiciary, teachers. AUDIT OF DROPPED/AMBIGUOUS ENTRIES: corrections, sheriffs, law enforcement, custodial and legislators are arguably population-scope but were not adjudicated, so they are NOT kept; this ambiguity is FLAGGED rather than silently decided. None of those tokens appears in any of the 51 raw Social Security strings, so the ambiguity is moot for this build and is recorded for a future rebuild. Re-run blind across all 51: exactly ONE jurisdiction moved, Kentucky NOT_COVERED -> PARTIAL, as predicted; no unpredicted moves; the five from the first refinement were undisturbed at COVERED and Oregon remained PARTIAL."
D7_OR_MI_RATES,Phase 3 decision record - not a data file,PSAI D1 build,,,,,,n/a,n/a,"Oregon stands at 5.25% (contingent 0.75% DB contribution excluded, consistent with the Connecticut risk-sharing treatment) and Michigan at 0.0% (default-taking-no-action, consistent with the Georgia opt-out-able-default reading). Changing either would break a precedent already applied to another state - the exact inconsistency this build exists to prevent. Both alternative readings and their effects remain documented in the row notes."
D3_I3_FMR_WEIGHT,Phase 2 decision record - not a data file,PSAI D1 build,,,,,,FY2025,n/a,"APPROVED AND IMPLEMENTED. The 1-bedroom FMR is population-weighted using HUD's own pop2022 field, present on all 4,680 rows at exactly the FMR geography. No join to Census county estimates. This reaches the 1,605 sub-county town rows (AK, CT, MA, ME, MO, NH, RI, VT) and resolves the Connecticut legacy-county vs planning-region mismatch that would otherwise have broken CT, a first-15 state. Applied uniformly to all jurisdictions with no unweighted or Census-weighted fallback anywhere. Recorded in every I3 row's notes: the weighting field, the fact that 2022 population weights a FY2025 rent index, and the row count per jurisdiction. POP24 remains registered but is NOT used by any indicator under this decision."
